name,total,urban,rural,ct,fraction
MA 0,8065156.805167915,7307843.446673383,1398275.8539529312,MA,0.1523033127986292
MA 1,16614272.658892179,12846938.70812018,4755251.610119007,MA,0.313745761777075
MA 2,22183223.76590685,19445053.571419597,3487271.485687703,MA,0.41891045018938783
MA 3,6091919.175371476,4155482.3953418164,2333670.8019055966,MA,0.11504047523490799
