country,type,v_nom,r_per_length,x_per_length,c_per_length,i_nom,f_nom,samples
US,US_69kV,69,0.122199630382397,0.306720482711845,17.2314306982759,0.508904976407435,60,9710
US,US_100kV,100,0.0973454875015061,0.416641811818977,12.6537065740267,0.760601244630413,60,13695
US,US_115kV,115,0.0759416995076136,0.350453382947734,15.1019269744374,0.809846712373726,60,7891
US,US_138kV,138,0.0637009955516314,0.362599400281189,14.5723559291992,0.944762592669575,60,15612
US,US_161kV,161,0.0620855376310679,0.373745884037223,14.1353050677323,0.951301114351701,60,6499
US,US_230kV,230,0.044640813922837,0.402969147045551,13.1436544456567,1.35250576104074,60,1794
US,US_345kV,345,0.0303532807726485,0.364060297744891,14.4133236331305,2.00507891312913,60,2305
US,US_500kV,500,0.0202974336356539,0.343469470372469,15.1590607587995,2.98626921184834,60,1264
US,US_765kV,765,0.0132008525754395,0.367725312026431,14.2637168930768,3.10997458237893,60,232
