,total residential space,total residential water,electricity residential,total services space,total services water,total rail,electricity rail,total domestic aviation,total international aviation,total domestic navigation,total international navigation,services electricity,agriculture electricity,agriculture oil,residential oil,residential biomass,residential gas,agriculture biomass,services oil,services biomass,services gas,total road ev,total road fcev,total road ice,total navigation oil,total navigation hydrogen,residential heat biomass,residential heat oil,residential heat gas,other electricity,other oil,other gas,other biomass,other heat
DEFAULT,-0.004951421072036277,-0.010390428883694458,-0.0026960063028712566,-0.006705489381695462,-0.01786431270106026,-0.004951421072036277,-0.0021462195974406573,0.0,0.0,-0.01786431270106026,0.2742749857031337,-0.0026960063028712566,-0.0026960063028712566,-0.006705489381695462,0.0,-0.004951421072036277,-0.010390428883694458,-0.012329796028156648,0.0,-0.0055299435560203225,0.0,-0.06140104567447868,-0.026527359809364603,0.0,-0.0010627352815874014,-0.00851714967450834,-0.0026960063028712566,-0.0026960063028712566,0.0,0.0,0.0,0.0,0.0,0.0
MA,-0.004951421072036277,-0.010390428883694458,-0.0026960063028712566,-0.006705489381695462,-0.01786431270106026,-0.004951421072036277,-0.0021462195974406573,0.0,0.0,-0.01786431270106026,0.2742749857031337,-0.0026960063028712566,-0.0026960063028712566,-0.006705489381695462,0.0,-0.004951421072036277,-0.010390428883694458,-0.012329796028156648,0.0,-0.0055299435560203225,0.0,-0.06140104567447868,-0.026527359809364603,0.0,-0.0010627352815874014,-0.00851714967450834,-0.0026960063028712566,-0.0026960063028712566,0.0,-0.0026960063028712566,0.0,-0.010390428883694458,-0.004951421072036277,0.0
TN,0.0,0.0,0.0,0.0,0.0,0.0,0.0,0.0,0.0,0.0,0.0,0.0,0.0,0.0,0.0,0.0,0.0,0.0,0.0,0.0,0.0,0.0,0.0,0.0,0.0,0.0,0.0,0.0,0.0,0.0,0.0,0.0,0.0,0.0
US,0,0,0,0,0,0,0,0,0,0,0,0,0,0,0,0,0,0,0,0,0,0,0,0,0,0,0,0,0,0,0,0,0,0.0
