,total residential space,total residential water,electricity residential,total services space,total services water,total road,total rail,electricity rail,total domestic aviation,total international aviation,total domestic navigation,total international navigation,services electricity,agriculture electricity,agriculture oil,residential oil,residential biomass,residential gas,agriculture biomass,services oil,services biomass,services gas,residential heat oil,residential heat biomass,residential heat gas
MA,0.03754823579391897,0.04365356767031847,0.09812234829384714,0.031061016501513494,0.03754823579391897,0.02413801393598547,0.08686690424248389,0.06977553866703001,0.06504108943996267,0.03754823579391897,0.011172646877630532,0.04365356767031847,0.06504108943996267,0.03754823579391897,-0.03190494082844941,0.0,0.0,0.018997672304465807,0.025560455264682425,-0.06106908933829369,0.0,-0.010538064696069105,0.0,0.0,0.0
NG,0.03754823579391897,0.04365356767031847,0.09812234829384714,0.031061016501513494,0.03754823579391897,0.02413801393598547,0.08686690424248389,0.06977553866703001,0.06504108943996267,0.03754823579391897,0.011172646877630532,0.04365356767031847,0.06504108943996267,0.03754823579391897,-0.03190494082844941,0.0,0.0,0.018997672304465807,0.025560455264682425,-0.06106908933829369,0.0,-0.010538064696069105,0.0,0.0,0.0
BJ,0.03754823579391897,0.04365356767031847,0.09812234829384714,0.031061016501513494,0.03754823579391897,0.02413801393598547,0.08686690424248389,0.06977553866703001,0.06504108943996267,0.03754823579391897,0.011172646877630532,0.04365356767031847,0.06504108943996267,0.03754823579391897,-0.03190494082844941,0.0,0.0,0.018997672304465807,0.025560455264682425,-0.06106908933829369,0.0,-0.010538064696069105,0.0,0.0,0.0
EG,0.03754823579391897,0.04365356767031847,0.09812234829384714,0.031061016501513494,0.03754823579391897,0.02413801393598547,0.08686690424248389,0.06977553866703001,0.06504108943996267,0.03754823579391897,0.011172646877630532,0.04365356767031847,0.06504108943996267,0.03754823579391897,-0.03190494082844941,0.0,0.0,0.018997672304465807,0.025560455264682425,-0.06106908933829369,0.0,-0.010538064696069105,0.0,0.0,0.0
